channel,timestamp,value,label,sampling,anomaly,segment,train
CADC0888,2022-01-05T07:08:26.000Z,0.905404,anomaly,5,1,1068,0
CADC0888,2022-01-05T07:08:31.000Z,0.966085,anomaly,5,1,1068,0
CADC0888,2022-01-05T07:08:36.000Z,1.05306,anomaly,5,1,1068,0
CADC0888,2022-01-05T07:08:41.000Z,1.18235,anomaly,5,1,1068,0
CADC0888,2022-01-05T07:08:46.000Z,1.23302,anomaly,5,1,1068,0
CADC0888,2022-01-05T07:08:51.000Z,1.21047,anomaly,5,1,1068,0
CADC0888,2022-01-05T07:08:56.000Z,1.09627,anomaly,5,1,1068,0
CADC0888,2022-01-05T07:09:01.000Z,0.354437,anomaly,5,1,1068,0
CADC0888,2022-01-05T07:09:06.000Z,0.905404,anomaly,5,1,1068,0
CADC0888,2022-01-05T07:09:11.000Z,0.872763,anomaly,5,1,1068,0
CADC0892,2022-01-27T07:57:38.000Z,0.0,anomaly,5,1,235,0
CADC0892,2022-01-27T07:57:43.000Z,0.0,anomaly,5,1,235,0
CADC0892,2022-01-27T07:57:48.000Z,0.0,anomaly,5,1,235,0
CADC0892,2022-01-27T07:57:53.000Z,0.0,anomaly,5,1,235,0
CADC0892,2022-01-27T07:57:58.000Z,0.0,anomaly,5,1,235,0
CADC0892,2022-01-27T07:58:03.000Z,0.0,anomaly,5,1,235,0
CADC0892,2022-01-27T07:58:08.000Z,0.0,anomaly,5,1,235,0
CADC0892,2022-01-27T07:58:13.000Z,0.0,anomaly,5,1,235,0
CADC0892,2022-01-27T07:58:18.000Z,0.0,anomaly,5,1,235,0
CADC0892,2022-01-27T07:58:23.000Z,0.0,anomaly,5,1,235,0
CADC0892,2022-01-27T07:58:28.000Z,0.0,anomaly,5,1,235,0
CADC0892,2022-01-27T08:00:33.000Z,0.545231,anomaly,5,1,235,0
CADC0892,2022-01-27T08:00:38.000Z,0.400234,anomaly,5,1,235,0
CADC0892,2022-01-27T08:00:43.000Z,0.272056,anomaly,5,1,235,0
CADC0892,2022-01-27T08:00:48.000Z,0.104991,anomaly,5,1,235,0
CADC0892,2022-01-27T08:00:53.000Z,0.0672288,anomaly,5,1,235,0
CADC0892,2022-01-27T08:00:58.000Z,0.0,anomaly,5,1,235,0
CADC0892,2022-01-27T08:01:03.000Z,0.0,anomaly,5,1,235,0
CADC0892,2022-01-27T08:01:08.000Z,0.0,anomaly,5,1,235,0
CADC0892,2022-01-27T08:01:13.000Z,0.0,anomaly,5,1,235,0
CADC0892,2022-01-27T08:01:18.000Z,0.0,anomaly,5,1,235,0
CADC0892,2022-01-27T08:01:23.000Z,0.0,anomaly,5,1,235,0
CADC0892,2022-01-27T08:01:28.000Z,0.0,anomaly,5,1,235,0
CADC0892,2022-01-27T08:01:33.000Z,0.0,anomaly,5,1,235,0
CADC0892,2022-01-27T08:01:38.000Z,0.0,anomaly,5,1,235,0
CADC0892,2022-01-27T08:01:43.000Z,0.0,anomaly,5,1,235,0
CADC0892,2022-01-27T08:01:48.000Z,0.0,anomaly,5,1,235,0
CADC0894,2022-06-02T08:02:50.000Z,0.00264208,anomaly,1,1,1793,0
CADC0894,2022-06-02T08:02:51.000Z,0.00264208,anomaly,1,1,1793,0
CADC0894,2022-06-02T08:02:52.000Z,0.00264208,anomaly,1,1,1793,0
CADC0894,2022-06-02T08:02:53.000Z,0.00264208,anomaly,1,1,1793,0
CADC0894,2022-06-02T08:02:54.000Z,0.00528418,anomaly,1,1,1793,0
CADC0894,2022-06-02T08:02:55.000Z,0.00264208,anomaly,1,1,1793,0
CADC0894,2022-06-02T08:02:56.000Z,0.00264208,anomaly,1,1,1793,0
CADC0894,2022-06-02T08:02:57.000Z,0.00528418,anomaly,1,1,1793,0
CADC0894,2022-06-02T08:02:58.000Z,0.00528418,anomaly,1,1,1793,0
CADC0894,2022-06-02T08:02:59.000Z,0.00528418,anomaly,1,1,1793,0
CADC0894,2022-06-02T08:03:00.000Z,0.00264208,anomaly,1,1,1793,0
CADC0894,2022-06-02T08:03:01.000Z,0.00528418,anomaly,1,1,1793,0
CADC0894,2022-06-02T08:03:02.000Z,0.00528418,anomaly,1,1,1793,0
CADC0894,2022-06-02T08:03:03.000Z,0.00528418,anomaly,1,1,1793,0
CADC0894,2022-06-02T08:03:04.000Z,0.00264208,anomaly,1,1,1793,0
CADC0894,2022-06-02T08:03:05.000Z,0.00528418,anomaly,1,1,1793,0
CADC0894,2022-06-02T08:03:06.000Z,0.00528418,anomaly,1,1,1793,0
CADC0894,2022-06-02T08:03:07.000Z,0.00528418,anomaly,1,1,1793,0
CADC0894,2022-06-02T08:03:08.000Z,0.00528418,anomaly,1,1,1793,0
CADC0894,2022-06-02T08:03:09.000Z,0.00528418,anomaly,1,1,1793,0
CADC0894,2022-06-02T08:03:10.000Z,0.00528418,anomaly,1,1,1793,0
CADC0894,2022-06-02T08:03:11.000Z,0.00528418,anomaly,1,1,1793,0
CADC0894,2022-06-02T08:03:12.000Z,0.00528418,anomaly,1,1,1793,0
CADC0894,2022-06-02T08:03:13.000Z,0.00528418,anomaly,1,1,1793,0
CADC0894,2022-06-02T08:03:14.000Z,0.0,anomaly,1,1,1793,0
CADC0894,2022-06-02T08:03:15.000Z,0.00264208,anomaly,1,1,1793,0
CADC0894,2022-06-02T08:03:16.000Z,0.00528418,anomaly,1,1,1793,0
CADC0894,2022-06-02T08:03:17.000Z,0.00792631,anomaly,1,1,1793,0
CADC0894,2022-06-02T08:03:18.000Z,0.00528418,anomaly,1,1,1793,0
CADC0894,2022-06-02T08:03:19.000Z,0.00528418,anomaly,1,1,1793,0
CADC0894,2022-06-02T08:03:20.000Z,0.00528418,anomaly,1,1,1793,0
CADC0894,2022-06-02T08:03:21.000Z,0.00528418,anomaly,1,1,1793,0
CADC0894,2022-06-02T08:03:22.000Z,0.00528418,anomaly,1,1,1793,0
CADC0894,2022-06-02T08:03:23.000Z,0.00528418,anomaly,1,1,1793,0
CADC0894,2022-06-02T08:03:24.000Z,0.0,anomaly,1,1,1793,0
CADC0894,2022-06-02T08:03:25.000Z,0.00528418,anomaly,1,1,1793,0
CADC0894,2022-06-02T08:03:26.000Z,0.00528418,anomaly,1,1,1793,0
CADC0894,2022-06-02T08:03:27.000Z,0.00528418,anomaly,1,1,1793,0
CADC0894,2022-06-02T08:03:28.000Z,0.00264208,anomaly,1,1,1793,0
CADC0894,2022-06-02T08:03:29.000Z,0.00528418,anomaly,1,1,1793,0
CADC0894,2022-06-02T08:03:30.000Z,0.00528418,anomaly,1,1,1793,0
CADC0894,2022-06-02T08:03:31.000Z,0.00264208,anomaly,1,1,1793,0
CADC0894,2022-06-02T08:03:32.000Z,0.00528418,anomaly,1,1,1793,0
CADC0894,2022-06-02T08:03:33.000Z,0.00528418,anomaly,1,1,1793,0
CADC0894,2022-06-02T08:03:34.000Z,0.00264208,anomaly,1,1,1793,0
CADC0894,2022-06-02T08:03:35.000Z,0.00528418,anomaly,1,1,1793,0
CADC0894,2022-06-02T08:03:36.000Z,0.00792631,anomaly,1,1,1793,0
CADC0894,2022-06-02T08:03:37.000Z,0.00792631,anomaly,1,1,1793,0
CADC0894,2022-06-02T08:03:38.000Z,0.00528418,anomaly,1,1,1793,0
CADC0894,2022-06-02T08:03:39.000Z,0.00528418,anomaly,1,1,1793,0
CADC0894,2022-06-02T08:03:40.000Z,0.00264208,anomaly,1,1,1793,0
CADC0894,2022-06-02T08:03:41.000Z,0.00528418,anomaly,1,1,1793,0
CADC0894,2022-06-02T08:03:42.000Z,0.00528418,anomaly,1,1,1793,0
CADC0894,2022-06-02T08:03:43.000Z,0.00792631,anomaly,1,1,1793,0
CADC0894,2022-06-02T08:03:44.000Z,0.00528418,anomaly,1,1,1793,0
CADC0894,2022-06-02T08:03:45.000Z,0.00528418,anomaly,1,1,1793,0
CADC0894,2022-06-02T08:03:46.000Z,0.00528418,anomaly,1,1,1793,0
CADC0894,2022-06-02T08:03:47.000Z,0.00528418,anomaly,1,1,1793,0
CADC0894,2022-06-02T08:03:48.000Z,0.00792631,anomaly,1,1,1793,0
CADC0894,2022-06-02T08:03:49.000Z,0.00528418,anomaly,1,1,1793,0
CADC0894,2022-06-02T08:03:50.000Z,0.00792631,anomaly,1,1,1793,0
CADC0894,2022-06-02T08:03:51.000Z,0.00792631,anomaly,1,1,1793,0
CADC0894,2022-06-02T08:03:52.000Z,0.00528418,anomaly,1,1,1793,0
CADC0894,2022-06-02T08:03:53.000Z,0.00792631,anomaly,1,1,1793,0
CADC0894,2022-06-02T08:03:54.000Z,0.00792631,anomaly,1,1,1793,0
CADC0894,2022-06-02T08:03:55.000Z,0.00528418,anomaly,1,1,1793,0
CADC0894,2022-06-02T08:03:56.000Z,0.00792631,anomaly,1,1,1793,0
CADC0894,2022-06-02T08:03:57.000Z,0.00528418,anomaly,1,1,1793,0
CADC0894,2022-06-02T08:03:58.000Z,0.00792631,anomaly,1,1,1793,0
CADC0894,2022-06-02T08:03:59.000Z,0.00792631,anomaly,1,1,1793,0
CADC0894,2022-06-02T08:04:00.000Z,0.00792631,anomaly,1,1,1793,0
CADC0894,2022-06-02T08:04:01.000Z,0.00792631,anomaly,1,1,1793,0
CADC0894,2022-06-02T08:04:02.000Z,0.00792631,anomaly,1,1,1793,0
CADC0894,2022-06-02T08:04:03.000Z,0.00528418,anomaly,1,1,1793,0
CADC0894,2022-06-02T08:04:04.000Z,0.00792631,anomaly,1,1,1793,0
CADC0894,2022-06-02T08:04:05.000Z,0.00792631,anomaly,1,1,1793,0
CADC0894,2022-06-02T08:04:06.000Z,0.0105685,anomaly,1,1,1793,0
CADC0894,2022-06-02T08:04:07.000Z,0.00792631,anomaly,1,1,1793,0
CADC0894,2022-06-02T08:04:08.000Z,0.00792631,anomaly,1,1,1793,0
CADC0894,2022-06-02T08:04:09.000Z,0.00792631,anomaly,1,1,1793,0
CADC0894,2022-06-02T08:04:10.000Z,0.00792631,anomaly,1,1,1793,0
CADC0894,2022-06-02T08:04:11.000Z,0.00792631,anomaly,1,1,1793,0
CADC0894,2022-06-02T08:04:12.000Z,0.00792631,anomaly,1,1,1793,0
CADC0894,2022-06-02T08:04:13.000Z,0.0105685,anomaly,1,1,1793,0
CADC0894,2022-06-02T08:04:14.000Z,0.00792631,anomaly,1,1,1793,0
CADC0894,2022-06-02T08:04:15.000Z,0.0132108,anomaly,1,1,1793,0
CADC0894,2022-06-02T08:04:16.000Z,0.0105685,anomaly,1,1,1793,0
CADC0894,2022-06-02T08:04:17.000Z,0.0105685,anomaly,1,1,1793,0
CADC0894,2022-06-02T08:04:18.000Z,0.0105685,anomaly,1,1,1793,0
CADC0894,2022-06-02T08:04:19.000Z,0.0105685,anomaly,1,1,1793,0
CADC0894,2022-06-02T08:04:20.000Z,0.0105685,anomaly,1,1,1793,0
CADC0894,2022-06-02T08:04:21.000Z,0.00528418,anomaly,1,1,1793,0
CADC0894,2022-06-02T08:04:22.000Z,0.0105685,anomaly,1,1,1793,0
CADC0894,2022-06-02T08:04:23.000Z,0.0105685,anomaly,1,1,1793,0
CADC0894,2022-06-02T08:04:24.000Z,0.0132108,anomaly,1,1,1793,0
CADC0894,2022-06-02T08:04:25.000Z,0.0132108,anomaly,1,1,1793,0
CADC0894,2022-06-02T08:04:26.000Z,0.0105685,anomaly,1,1,1793,0
CADC0894,2022-06-02T08:04:27.000Z,0.0132108,anomaly,1,1,1793,0
CADC0894,2022-06-02T08:04:28.000Z,0.0132108,anomaly,1,1,1793,0
CADC0894,2022-06-02T08:04:29.000Z,0.0105685,anomaly,1,1,1793,0
CADC0894,2022-06-02T08:04:30.000Z,0.0105685,anomaly,1,1,1793,0
CADC0894,2022-06-02T08:04:31.000Z,0.0158531,anomaly,1,1,1793,0
CADC0894,2022-06-02T08:04:32.000Z,0.0132108,anomaly,1,1,1793,0
CADC0894,2022-06-02T08:04:33.000Z,0.0132108,anomaly,1,1,1793,0
CADC0894,2022-06-02T08:04:34.000Z,0.0132108,anomaly,1,1,1793,0
CADC0894,2022-06-02T08:04:35.000Z,0.0105685,anomaly,1,1,1793,0
CADC0894,2022-06-02T08:04:36.000Z,0.0132108,anomaly,1,1,1793,0
CADC0894,2022-06-02T08:04:37.000Z,0.0132108,anomaly,1,1,1793,0
CADC0894,2022-06-02T08:04:38.000Z,0.0132108,anomaly,1,1,1793,0
CADC0894,2022-06-02T08:04:39.000Z,0.0132108,anomaly,1,1,1793,0
CADC0894,2022-06-02T08:04:40.000Z,0.0105685,anomaly,1,1,1793,0
CADC0894,2022-06-02T08:04:41.000Z,0.0105685,anomaly,1,1,1793,0
CADC0894,2022-06-02T08:04:42.000Z,0.0132108,anomaly,1,1,1793,0
CADC0894,2022-06-02T08:04:43.000Z,0.0132108,anomaly,1,1,1793,0
CADC0894,2022-06-02T08:04:44.000Z,0.0132108,anomaly,1,1,1793,0
CADC0894,2022-06-02T08:04:45.000Z,0.0105685,anomaly,1,1,1793,0
CADC0894,2022-06-02T08:04:46.000Z,0.0132108,anomaly,1,1,1793,0
CADC0894,2022-06-02T08:04:47.000Z,0.0105685,anomaly,1,1,1793,0
CADC0894,2022-06-02T08:04:48.000Z,0.0132108,anomaly,1,1,1793,0
CADC0894,2022-06-02T08:04:49.000Z,0.0105685,anomaly,1,1,1793,0
CADC0894,2022-06-02T08:04:50.000Z,0.0132108,anomaly,1,1,1793,0
CADC0894,2022-06-02T08:04:51.000Z,0.0132108,anomaly,1,1,1793,0
CADC0894,2022-06-02T08:04:52.000Z,0.0158531,anomaly,1,1,1793,0
CADC0894,2022-06-02T08:04:53.000Z,0.0158531,anomaly,1,1,1793,0
CADC0894,2022-06-02T08:04:54.000Z,0.0132108,anomaly,1,1,1793,0
CADC0894,2022-06-02T08:04:55.000Z,0.0132108,anomaly,1,1,1793,0
CADC0894,2022-06-02T08:04:56.000Z,0.0132108,anomaly,1,1,1793,0
CADC0894,2022-06-02T08:04:57.000Z,0.0132108,anomaly,1,1,1793,0
CADC0894,2022-06-02T08:04:58.000Z,0.0132108,anomaly,1,1,1793,0
CADC0894,2022-06-02T08:04:59.000Z,0.0105685,anomaly,1,1,1793,0
CADC0894,2022-06-02T08:05:00.000Z,0.0132108,anomaly,1,1,1793,0
CADC0894,2022-06-02T08:05:01.000Z,0.0158531,anomaly,1,1,1793,0
CADC0894,2022-06-02T08:05:02.000Z,0.0132108,anomaly,1,1,1793,0
CADC0894,2022-06-02T08:05:03.000Z,0.0158531,anomaly,1,1,1793,0
CADC0894,2022-06-02T08:05:04.000Z,0.0132108,anomaly,1,1,1793,0
CADC0894,2022-06-02T08:05:05.000Z,0.0158531,anomaly,1,1,1793,0
CADC0894,2022-06-02T08:05:06.000Z,0.0158531,anomaly,1,1,1793,0
CADC0894,2022-06-02T08:05:07.000Z,0.0132108,anomaly,1,1,1793,0
CADC0894,2022-06-02T08:05:08.000Z,0.0211382,anomaly,1,1,1793,0
CADC0894,2022-06-02T08:05:09.000Z,0.0132108,anomaly,1,1,1793,0
CADC0894,2022-06-02T08:05:10.000Z,0.0158531,anomaly,1,1,1793,0
CADC0894,2022-06-02T08:05:11.000Z,0.0211382,anomaly,1,1,1793,0
CADC0894,2022-06-02T08:05:12.000Z,0.0237809,anomaly,1,1,1793,0
CADC0894,2022-06-02T08:05:13.000Z,0.0211382,anomaly,1,1,1793,0
CADC0894,2022-06-02T08:05:14.000Z,0.0237809,anomaly,1,1,1793,0
CADC0894,2022-06-02T08:05:15.000Z,0.0449304,anomaly,1,1,1793,0
CADC0894,2022-06-02T08:05:16.000Z,0.0502205,anomaly,1,1,1793,0
CADC0894,2022-06-02T08:05:17.000Z,0.0581584,anomaly,1,1,1793,0
CADC0894,2022-06-02T08:05:18.000Z,0.0634524,anomaly,1,1,1793,0
CADC0894,2022-06-02T08:05:19.000Z,0.0634524,anomaly,1,1,1793,0
CADC0894,2022-06-02T08:05:20.000Z,0.0661,anomaly,1,1,1793,0
CADC0894,2022-06-02T08:05:21.000Z,0.0713967,anomaly,1,1,1793,0
CADC0894,2022-06-02T08:05:22.000Z,0.0740458,anomaly,1,1,1793,0
CADC0894,2022-06-02T08:05:23.000Z,0.0713967,anomaly,1,1,1793,0
CADC0894,2022-06-02T08:05:24.000Z,0.0687481,anomaly,1,1,1793,0
CADC0894,2022-06-02T08:05:25.000Z,0.0740458,anomaly,1,1,1793,0
CADC0894,2022-06-02T08:05:26.000Z,0.0713967,anomaly,1,1,1793,0
CADC0894,2022-06-02T08:05:27.000Z,0.0634524,anomaly,1,1,1793,0
CADC0894,2022-06-02T08:05:28.000Z,0.0581584,anomaly,1,1,1793,0
CADC0894,2022-06-02T08:05:29.000Z,0.0502205,anomaly,1,1,1793,0
CADC0894,2022-06-02T08:05:30.000Z,0.0422858,anomaly,1,1,1793,0
CADC0894,2022-06-02T08:05:31.000Z,0.0369975,anomaly,1,1,1793,0
CADC0894,2022-06-02T08:05:32.000Z,0.0396415,anomaly,1,1,1793,0
CADC0894,2022-06-02T08:05:33.000Z,0.0449304,anomaly,1,1,1793,0
CADC0894,2022-06-02T08:05:34.000Z,0.0502205,anomaly,1,1,1793,0
CADC0894,2022-06-02T08:05:35.000Z,0.0661,anomaly,1,1,1793,0
CADC0894,2022-06-02T08:05:36.000Z,0.0872993,anomaly,1,1,1793,0
CADC0894,2022-06-02T08:05:37.000Z,0.105881,anomaly,1,1,1793,0
CADC0894,2022-06-02T08:05:38.000Z,0.124499,anomaly,1,1,1793,0
CADC0894,2022-06-02T08:05:39.000Z,0.135157,anomaly,1,1,1793,0
CADC0894,2022-06-02T08:05:40.000Z,0.14583,anomaly,1,1,1793,0
CADC0894,2022-06-02T08:05:41.000Z,0.156521,anomaly,1,1,1793,0
CADC0894,2022-06-02T08:05:42.000Z,0.16455,anomaly,1,1,1793,0
CADC0894,2022-06-02T08:05:43.000Z,0.17259,anomaly,1,1,1793,0
CADC0894,2022-06-02T08:05:44.000Z,0.177957,anomaly,1,1,1793,0
CADC0894,2022-06-02T08:05:45.000Z,0.183328,anomaly,1,1,1793,0
CADC0894,2022-06-02T08:05:46.000Z,0.188705,anomaly,1,1,1793,0
CADC0894,2022-06-02T08:05:47.000Z,0.196781,anomaly,1,1,1793,0
CADC0894,2022-06-02T08:05:48.000Z,0.202172,anomaly,1,1,1793,0
CADC0894,2022-06-02T08:05:49.000Z,0.207569,anomaly,1,1,1793,0
CADC0894,2022-06-02T08:05:50.000Z,0.215676,anomaly,1,1,1793,0
CADC0894,2022-06-02T08:05:51.000Z,0.221089,anomaly,1,1,1793,0
CADC0894,2022-06-02T08:05:52.000Z,0.226508,anomaly,1,1,1793,0
CADC0894,2022-06-02T08:05:53.000Z,0.231934,anomaly,1,1,1793,0
CADC0894,2022-06-02T08:05:54.000Z,0.237367,anomaly,1,1,1793,0
CADC0894,2022-06-02T08:05:55.000Z,0.242808,anomaly,1,1,1793,0
CADC0894,2022-06-02T08:05:56.000Z,0.248255,anomaly,1,1,1793,0
CADC0894,2022-06-02T08:05:57.000Z,0.250982,anomaly,1,1,1793,0
CADC0894,2022-06-02T08:05:58.000Z,0.259173,anomaly,1,1,1793,0
CADC0894,2022-06-02T08:05:59.000Z,0.261907,anomaly,1,1,1793,0
CADC0894,2022-06-02T08:06:00.000Z,0.267382,anomaly,1,1,1793,0
CADC0894,2022-06-02T08:06:01.000Z,0.272865,anomaly,1,1,1793,0
CADC0894,2022-06-02T08:06:02.000Z,0.278357,anomaly,1,1,1793,0
CADC0894,2022-06-02T08:06:03.000Z,0.283857,anomaly,1,1,1793,0
CADC0894,2022-06-02T08:06:04.000Z,0.28661,anomaly,1,1,1793,0
CADC0894,2022-06-02T08:06:05.000Z,0.292123,anomaly,1,1,1793,0
CADC0894,2022-06-02T08:06:06.000Z,0.294883,anomaly,1,1,1793,0
CADC0894,2022-06-02T08:06:07.000Z,0.300411,anomaly,1,1,1793,0
CADC0894,2022-06-02T08:06:08.000Z,0.308719,anomaly,1,1,1793,0
CADC0894,2022-06-02T08:06:09.000Z,0.314271,anomaly,1,1,1793,0
CADC0894,2022-06-02T08:06:10.000Z,0.31705,anomaly,1,1,1793,0
CADC0894,2022-06-02T08:06:11.000Z,0.325403,anomaly,1,1,1793,0
CADC0894,2022-06-02T08:06:12.000Z,0.330986,anomaly,1,1,1793,0
CADC0894,2022-06-02T08:06:13.000Z,0.336578,anomaly,1,1,1793,0
CADC0894,2022-06-02T08:06:14.000Z,0.342182,anomaly,1,1,1793,0
CADC0894,2022-06-02T08:06:15.000Z,0.344988,anomaly,1,1,1793,0
CADC0894,2022-06-02T08:06:16.000Z,0.350609,anomaly,1,1,1793,0
CADC0894,2022-06-02T08:06:17.000Z,0.353424,anomaly,1,1,1793,0
CADC0894,2022-06-02T08:06:18.000Z,0.359062,anomaly,1,1,1793,0
CADC0894,2022-06-02T08:06:19.000Z,0.364712,anomaly,1,1,1793,0
CADC0894,2022-06-02T08:06:20.000Z,0.367542,anomaly,1,1,1793,0
CADC0894,2022-06-02T08:06:21.000Z,0.37321,anomaly,1,1,1793,0
CADC0894,2022-06-02T08:06:22.000Z,0.378891,anomaly,1,1,1793,0
CADC0894,2022-06-02T08:06:23.000Z,0.381737,anomaly,1,1,1793,0
CADC0894,2022-06-02T08:06:24.000Z,0.387437,anomaly,1,1,1793,0
CADC0894,2022-06-02T08:06:25.000Z,0.390292,anomaly,1,1,1793,0
CADC0894,2022-06-02T08:06:26.000Z,0.396013,anomaly,1,1,1793,0
CADC0894,2022-06-02T08:06:27.000Z,0.398878,anomaly,1,1,1793,0
CADC0894,2022-06-02T08:06:28.000Z,0.40462,anomaly,1,1,1793,0
CADC0894,2022-06-02T08:06:29.000Z,0.410375,anomaly,1,1,1793,0
CADC0894,2022-06-02T08:06:30.000Z,0.410375,anomaly,1,1,1793,0
CADC0894,2022-06-02T08:06:31.000Z,0.419036,anomaly,1,1,1793,0
CADC0894,2022-06-02T08:06:32.000Z,0.42193,anomaly,1,1,1793,0
CADC0894,2022-06-02T08:06:33.000Z,0.427729,anomaly,1,1,1793,0
CADC0894,2022-06-02T08:06:34.000Z,0.430635,anomaly,1,1,1793,0
CADC0894,2022-06-02T08:06:35.000Z,0.436458,anomaly,1,1,1793,0
CADC0894,2022-06-02T08:06:36.000Z,0.439375,anomaly,1,1,1793,0
CADC0894,2022-06-02T08:06:37.000Z,0.445222,anomaly,1,1,1793,0
CADC0894,2022-06-02T08:06:38.000Z,0.445222,anomaly,1,1,1793,0
CADC0894,2022-06-02T08:06:39.000Z,0.454023,anomaly,1,1,1793,0
CADC0894,2022-06-02T08:06:40.000Z,0.459911,anomaly,1,1,1793,0
CADC0894,2022-06-02T08:06:41.000Z,0.465817,anomaly,1,1,1793,0
CADC0894,2022-06-02T08:06:42.000Z,0.465817,anomaly,1,1,1793,0
CADC0894,2022-06-02T08:06:43.000Z,0.474708,anomaly,1,1,1793,0
CADC0894,2022-06-02T08:06:44.000Z,0.474708,anomaly,1,1,1793,0
CADC0894,2022-06-02T08:06:45.000Z,0.477681,anomaly,1,1,1793,0
CADC0894,2022-06-02T08:06:46.000Z,0.480659,anomaly,1,1,1793,0
CADC0894,2022-06-02T08:06:47.000Z,0.486627,anomaly,1,1,1793,0
CADC0894,2022-06-02T08:06:48.000Z,0.492615,anomaly,1,1,1793,0
CADC0894,2022-06-02T08:06:49.000Z,0.498622,anomaly,1,1,1793,0
CADC0894,2022-06-02T08:06:50.000Z,0.501633,anomaly,1,1,1793,0
CADC0894,2022-06-02T08:06:51.000Z,0.501633,anomaly,1,1,1793,0
CADC0894,2022-06-02T08:06:52.000Z,0.507669,anomaly,1,1,1793,0
CADC0894,2022-06-02T08:06:53.000Z,0.510695,anomaly,1,1,1793,0
CADC0894,2022-06-02T08:06:54.000Z,0.516763,anomaly,1,1,1793,0
CADC0894,2022-06-02T08:06:55.000Z,0.519804,anomaly,1,1,1793,0
CADC0894,2022-06-02T08:06:56.000Z,0.522851,anomaly,1,1,1793,0
CADC0894,2022-06-02T08:06:57.000Z,0.525903,anomaly,1,1,1793,0
CADC0894,2022-06-02T08:06:58.000Z,0.532024,anomaly,1,1,1793,0
CADC0894,2022-06-02T08:06:59.000Z,0.535092,anomaly,1,1,1793,0
CADC0894,2022-06-02T08:07:00.000Z,0.538167,anomaly,1,1,1793,0
CADC0894,2022-06-02T08:07:01.000Z,0.541246,anomaly,1,1,1793,0
CADC0894,2022-06-02T08:07:02.000Z,0.544332,anomaly,1,1,1793,0
CADC0894,2022-06-02T08:07:03.000Z,0.544332,anomaly,1,1,1793,0
CADC0894,2022-06-02T08:07:04.000Z,0.550521,anomaly,1,1,1793,0
CADC0894,2022-06-02T08:07:05.000Z,0.556733,anomaly,1,1,1793,0
CADC0894,2022-06-02T08:07:06.000Z,0.562969,anomaly,1,1,1793,0
CADC0894,2022-06-02T08:07:07.000Z,0.562969,anomaly,1,1,1793,0
CADC0894,2022-06-02T08:07:08.000Z,0.566096,anomaly,1,1,1793,0
CADC0894,2022-06-02T08:07:09.000Z,0.56923,anomaly,1,1,1793,0
CADC0894,2022-06-02T08:07:10.000Z,0.57237,anomaly,1,1,1793,0
CADC0894,2022-06-02T08:07:11.000Z,0.575516,anomaly,1,1,1793,0
CADC0894,2022-06-02T08:07:12.000Z,0.575516,anomaly,1,1,1793,0
CADC0894,2022-06-02T08:07:13.000Z,0.581828,anomaly,1,1,1793,0
CADC0894,2022-06-02T08:07:14.000Z,0.584993,anomaly,1,1,1793,0
CADC0894,2022-06-02T08:07:15.000Z,0.591345,anomaly,1,1,1793,0
CADC0894,2022-06-02T08:07:16.000Z,0.591345,anomaly,1,1,1793,0
CADC0894,2022-06-02T08:07:17.000Z,0.594531,anomaly,1,1,1793,0
CADC0894,2022-06-02T08:07:18.000Z,0.597723,anomaly,1,1,1793,0
CADC0894,2022-06-02T08:07:19.000Z,0.597723,anomaly,1,1,1793,0
CADC0894,2022-06-02T08:07:20.000Z,0.600923,anomaly,1,1,1793,0
CADC0894,2022-06-02T08:07:21.000Z,0.60413,anomaly,1,1,1793,0
CADC0894,2022-06-02T08:07:22.000Z,0.607344,anomaly,1,1,1793,0
CADC0894,2022-06-02T08:07:23.000Z,0.610565,anomaly,1,1,1793,0
CADC0894,2022-06-02T08:07:24.000Z,0.610565,anomaly,1,1,1793,0
CADC0894,2022-06-02T08:07:25.000Z,0.613793,anomaly,1,1,1793,0
CADC0894,2022-06-02T08:07:26.000Z,0.617029,anomaly,1,1,1793,0
CADC0894,2022-06-02T08:07:27.000Z,0.617029,anomaly,1,1,1793,0
CADC0894,2022-06-02T08:07:28.000Z,0.620272,anomaly,1,1,1793,0
CADC0894,2022-06-02T08:07:29.000Z,0.623523,anomaly,1,1,1793,0
CADC0894,2022-06-02T08:07:30.000Z,0.617029,anomaly,1,1,1793,0
CADC0894,2022-06-02T08:07:31.000Z,0.620272,anomaly,1,1,1793,0
CADC0894,2022-06-02T08:07:32.000Z,0.626781,anomaly,1,1,1793,0
CADC0894,2022-06-02T08:07:33.000Z,0.623523,anomaly,1,1,1793,0
CADC0894,2022-06-02T08:07:34.000Z,0.630047,anomaly,1,1,1793,0
CADC0894,2022-06-02T08:07:35.000Z,0.633321,anomaly,1,1,1793,0
CADC0894,2022-06-02T08:07:36.000Z,0.633321,anomaly,1,1,1793,0
CADC0894,2022-06-02T08:07:37.000Z,0.633321,anomaly,1,1,1793,0
CADC0894,2022-06-02T08:07:38.000Z,0.639892,anomaly,1,1,1793,0
CADC0894,2022-06-02T08:07:39.000Z,0.636603,anomaly,1,1,1793,0
CADC0894,2022-06-02T08:07:40.000Z,0.636603,anomaly,1,1,1793,0
CADC0894,2022-06-02T08:07:41.000Z,0.636603,anomaly,1,1,1793,0
CADC0894,2022-06-02T08:07:42.000Z,0.636603,anomaly,1,1,1793,0
CADC0894,2022-06-02T08:07:43.000Z,0.639892,anomaly,1,1,1793,0
CADC0894,2022-06-02T08:07:44.000Z,0.636603,anomaly,1,1,1793,0
CADC0894,2022-06-02T08:07:45.000Z,0.639892,anomaly,1,1,1793,0
CADC0894,2022-06-02T08:07:46.000Z,0.639892,anomaly,1,1,1793,0
CADC0894,2022-06-02T08:07:47.000Z,0.639892,anomaly,1,1,1793,0
CADC0894,2022-06-02T08:07:48.000Z,0.64319,anomaly,1,1,1793,0
CADC0894,2022-06-02T08:07:49.000Z,0.636603,anomaly,1,1,1793,0
CADC0894,2022-06-02T08:07:50.000Z,0.639892,anomaly,1,1,1793,0
CADC0894,2022-06-02T08:07:51.000Z,0.636603,anomaly,1,1,1793,0
CADC0894,2022-06-02T08:07:52.000Z,0.639892,anomaly,1,1,1793,0
CADC0894,2022-06-02T08:07:53.000Z,0.64319,anomaly,1,1,1793,0
CADC0894,2022-06-02T08:07:54.000Z,0.64319,anomaly,1,1,1793,0
CADC0894,2022-06-02T08:07:55.000Z,0.639892,anomaly,1,1,1793,0
CADC0894,2022-06-02T08:07:56.000Z,0.64319,anomaly,1,1,1793,0
CADC0894,2022-06-02T08:07:57.000Z,0.64319,anomaly,1,1,1793,0
CADC0894,2022-06-02T08:07:58.000Z,0.639892,anomaly,1,1,1793,0
CADC0894,2022-06-02T08:07:59.000Z,0.639892,anomaly,1,1,1793,0
CADC0894,2022-06-02T08:08:00.000Z,0.636603,anomaly,1,1,1793,0
CADC0894,2022-06-02T08:08:01.000Z,0.639892,anomaly,1,1,1793,0
CADC0894,2022-06-02T08:08:02.000Z,0.64319,anomaly,1,1,1793,0
CADC0894,2022-06-02T08:08:03.000Z,0.636603,anomaly,1,1,1793,0
CADC0894,2022-06-02T08:08:04.000Z,0.639892,anomaly,1,1,1793,0
CADC0894,2022-06-02T08:08:05.000Z,0.64319,anomaly,1,1,1793,0
CADC0894,2022-06-02T08:08:06.000Z,0.639892,anomaly,1,1,1793,0
CADC0894,2022-06-02T08:08:07.000Z,0.639892,anomaly,1,1,1793,0
CADC0894,2022-06-02T08:08:08.000Z,0.639892,anomaly,1,1,1793,0
CADC0894,2022-06-02T08:08:09.000Z,0.639892,anomaly,1,1,1793,0
CADC0894,2022-06-02T08:08:10.000Z,0.636603,anomaly,1,1,1793,0
CADC0894,2022-06-02T08:08:11.000Z,0.636603,anomaly,1,1,1793,0
CADC0894,2022-06-02T08:08:12.000Z,0.633321,anomaly,1,1,1793,0
CADC0894,2022-06-02T08:08:13.000Z,0.636603,anomaly,1,1,1793,0
CADC0894,2022-06-02T08:08:14.000Z,0.633321,anomaly,1,1,1793,0
CADC0894,2022-06-02T08:08:15.000Z,0.633321,anomaly,1,1,1793,0
CADC0894,2022-06-02T08:08:16.000Z,0.633321,anomaly,1,1,1793,0
CADC0894,2022-06-02T08:08:17.000Z,0.630047,anomaly,1,1,1793,0
CADC0894,2022-06-02T08:08:18.000Z,0.630047,anomaly,1,1,1793,0
CADC0894,2022-06-02T08:08:19.000Z,0.630047,anomaly,1,1,1793,0
CADC0894,2022-06-02T08:08:20.000Z,0.626781,anomaly,1,1,1793,0
CADC0894,2022-06-02T08:08:21.000Z,0.620272,anomaly,1,1,1793,0
CADC0894,2022-06-02T08:08:22.000Z,0.620272,anomaly,1,1,1793,0
CADC0894,2022-06-02T08:08:23.000Z,0.623523,anomaly,1,1,1793,0
CADC0894,2022-06-02T08:08:24.000Z,0.620272,anomaly,1,1,1793,0
CADC0894,2022-06-02T08:08:25.000Z,0.623523,anomaly,1,1,1793,0
CADC0894,2022-06-02T08:08:26.000Z,0.617029,anomaly,1,1,1793,0
CADC0894,2022-06-02T08:08:27.000Z,0.617029,anomaly,1,1,1793,0
CADC0894,2022-06-02T08:08:28.000Z,0.617029,anomaly,1,1,1793,0
CADC0894,2022-06-02T08:08:29.000Z,0.613793,anomaly,1,1,1793,0
CADC0894,2022-06-02T08:08:30.000Z,0.613793,anomaly,1,1,1793,0
CADC0894,2022-06-02T08:08:31.000Z,0.610565,anomaly,1,1,1793,0
CADC0894,2022-06-02T08:08:32.000Z,0.607344,anomaly,1,1,1793,0
CADC0894,2022-06-02T08:08:33.000Z,0.607344,anomaly,1,1,1793,0
CADC0894,2022-06-02T08:08:34.000Z,0.60413,anomaly,1,1,1793,0
CADC0894,2022-06-02T08:08:35.000Z,0.60413,anomaly,1,1,1793,0
CADC0894,2022-06-02T08:08:36.000Z,0.600923,anomaly,1,1,1793,0
CADC0894,2022-06-02T08:08:37.000Z,0.597723,anomaly,1,1,1793,0
CADC0894,2022-06-02T08:08:38.000Z,0.597723,anomaly,1,1,1793,0
CADC0894,2022-06-02T08:08:39.000Z,0.594531,anomaly,1,1,1793,0
CADC0894,2022-06-02T08:08:40.000Z,0.594531,anomaly,1,1,1793,0
CADC0894,2022-06-02T08:08:41.000Z,0.591345,anomaly,1,1,1793,0
CADC0894,2022-06-02T08:08:42.000Z,0.588166,anomaly,1,1,1793,0
CADC0894,2022-06-02T08:08:43.000Z,0.584993,anomaly,1,1,1793,0
CADC0894,2022-06-02T08:08:44.000Z,0.581828,anomaly,1,1,1793,0
CADC0894,2022-06-02T08:08:45.000Z,0.578668,anomaly,1,1,1793,0
CADC0894,2022-06-02T08:08:46.000Z,0.575516,anomaly,1,1,1793,0
CADC0894,2022-06-02T08:08:47.000Z,0.57237,anomaly,1,1,1793,0
CADC0894,2022-06-02T08:08:48.000Z,0.56923,anomaly,1,1,1793,0
CADC0894,2022-06-02T08:08:49.000Z,0.566096,anomaly,1,1,1793,0
CADC0894,2022-06-02T08:08:50.000Z,0.562969,anomaly,1,1,1793,0
CADC0894,2022-06-02T08:08:51.000Z,0.559848,anomaly,1,1,1793,0
CADC0894,2022-06-02T08:08:52.000Z,0.556733,anomaly,1,1,1793,0
CADC0894,2022-06-02T08:08:53.000Z,0.553624,anomaly,1,1,1793,0
CADC0894,2022-06-02T08:08:54.000Z,0.550521,anomaly,1,1,1793,0
CADC0894,2022-06-02T08:08:55.000Z,0.547423,anomaly,1,1,1793,0
CADC0894,2022-06-02T08:08:56.000Z,0.544332,anomaly,1,1,1793,0
CADC0894,2022-06-02T08:08:57.000Z,0.538167,anomaly,1,1,1793,0
CADC0894,2022-06-02T08:08:58.000Z,0.541246,anomaly,1,1,1793,0
CADC0894,2022-06-02T08:08:59.000Z,0.535092,anomaly,1,1,1793,0
CADC0894,2022-06-02T08:09:00.000Z,0.528961,anomaly,1,1,1793,0
CADC0894,2022-06-02T08:09:01.000Z,0.525903,anomaly,1,1,1793,0
CADC0894,2022-06-02T08:09:02.000Z,0.522851,anomaly,1,1,1793,0
CADC0894,2022-06-02T08:09:03.000Z,0.519804,anomaly,1,1,1793,0
CADC0894,2022-06-02T08:09:04.000Z,0.513726,anomaly,1,1,1793,0
CADC0894,2022-06-02T08:09:05.000Z,0.510695,anomaly,1,1,1793,0
CADC0894,2022-06-02T08:09:06.000Z,0.507669,anomaly,1,1,1793,0
CADC0894,2022-06-02T08:09:07.000Z,0.504649,anomaly,1,1,1793,0
CADC0894,2022-06-02T08:09:08.000Z,0.501633,anomaly,1,1,1793,0
CADC0894,2022-06-02T08:09:09.000Z,0.498622,anomaly,1,1,1793,0
CADC0894,2022-06-02T08:09:10.000Z,0.495616,anomaly,1,1,1793,0
CADC0894,2022-06-02T08:09:11.000Z,0.492615,anomaly,1,1,1793,0
CADC0894,2022-06-02T08:09:12.000Z,0.486627,anomaly,1,1,1793,0
CADC0894,2022-06-02T08:09:13.000Z,0.483641,anomaly,1,1,1793,0
CADC0894,2022-06-02T08:09:14.000Z,0.477681,anomaly,1,1,1793,0
CADC0894,2022-06-02T08:09:15.000Z,0.474708,anomaly,1,1,1793,0
CADC0894,2022-06-02T08:09:16.000Z,0.47174,anomaly,1,1,1793,0
CADC0894,2022-06-02T08:09:17.000Z,0.468776,anomaly,1,1,1793,0
CADC0894,2022-06-02T08:09:18.000Z,0.462862,anomaly,1,1,1793,0
CADC0894,2022-06-02T08:09:19.000Z,0.459911,anomaly,1,1,1793,0
CADC0894,2022-06-02T08:09:20.000Z,0.454023,anomaly,1,1,1793,0
CADC0894,2022-06-02T08:09:21.000Z,0.451085,anomaly,1,1,1793,0
CADC0894,2022-06-02T08:09:22.000Z,0.448152,anomaly,1,1,1793,0
CADC0894,2022-06-02T08:09:23.000Z,0.445222,anomaly,1,1,1793,0
CADC0894,2022-06-02T08:09:24.000Z,0.442297,anomaly,1,1,1793,0
CADC0894,2022-06-02T08:09:25.000Z,0.436458,anomaly,1,1,1793,0
CADC0894,2022-06-02T08:09:26.000Z,0.433544,anomaly,1,1,1793,0
CADC0894,2022-06-02T08:09:27.000Z,0.427729,anomaly,1,1,1793,0
CADC0894,2022-06-02T08:09:28.000Z,0.424828,anomaly,1,1,1793,0
CADC0894,2022-06-02T08:09:29.000Z,0.42193,anomaly,1,1,1793,0
CADC0894,2022-06-02T08:09:30.000Z,0.419036,anomaly,1,1,1793,0
CADC0894,2022-06-02T08:09:31.000Z,0.410375,anomaly,1,1,1793,0
CADC0894,2022-06-02T08:09:32.000Z,0.407496,anomaly,1,1,1793,0
CADC0894,2022-06-02T08:09:33.000Z,0.40462,anomaly,1,1,1793,0
CADC0894,2022-06-02T08:09:34.000Z,0.398878,anomaly,1,1,1793,0
CADC0894,2022-06-02T08:09:35.000Z,0.396013,anomaly,1,1,1793,0
CADC0894,2022-06-02T08:09:36.000Z,0.393151,anomaly,1,1,1793,0
CADC0894,2022-06-02T08:09:37.000Z,0.387437,anomaly,1,1,1793,0
CADC0894,2022-06-02T08:09:38.000Z,0.384585,anomaly,1,1,1793,0
CADC0894,2022-06-02T08:09:39.000Z,0.37321,anomaly,1,1,1793,0
CADC0894,2022-06-02T08:09:40.000Z,0.37321,anomaly,1,1,1793,0
CADC0894,2022-06-02T08:09:41.000Z,0.370374,anomaly,1,1,1793,0
CADC0894,2022-06-02T08:09:42.000Z,0.364712,anomaly,1,1,1793,0
CADC0894,2022-06-02T08:09:43.000Z,0.356241,anomaly,1,1,1793,0
CADC0894,2022-06-02T08:09:44.000Z,0.350609,anomaly,1,1,1793,0
CADC0894,2022-06-02T08:09:45.000Z,0.344988,anomaly,1,1,1793,0
CADC0894,2022-06-02T08:09:46.000Z,0.342182,anomaly,1,1,1793,0
CADC0894,2022-06-02T08:09:47.000Z,0.336578,anomaly,1,1,1793,0
CADC0894,2022-06-02T08:09:48.000Z,0.325403,anomaly,1,1,1793,0
CADC0894,2022-06-02T08:09:49.000Z,0.328193,anomaly,1,1,1793,0
CADC0894,2022-06-02T08:09:50.000Z,0.322616,anomaly,1,1,1793,0
CADC0894,2022-06-02T08:09:51.000Z,0.314271,anomaly,1,1,1793,0
CADC0894,2022-06-02T08:09:52.000Z,0.305947,anomaly,1,1,1793,0
CADC0894,2022-06-02T08:09:53.000Z,0.303178,anomaly,1,1,1793,0
CADC0894,2022-06-02T08:09:54.000Z,0.300411,anomaly,1,1,1793,0
CADC0894,2022-06-02T08:09:55.000Z,0.292123,anomaly,1,1,1793,0
CADC0894,2022-06-02T08:09:56.000Z,0.28661,anomaly,1,1,1793,0
CADC0894,2022-06-02T08:09:57.000Z,0.281105,anomaly,1,1,1793,0
CADC0894,2022-06-02T08:09:58.000Z,0.27561,anomaly,1,1,1793,0
CADC0894,2022-06-02T08:09:59.000Z,0.270123,anomaly,1,1,1793,0
CADC0894,2022-06-02T08:10:00.000Z,0.264644,anomaly,1,1,1793,0
CADC0894,2022-06-02T08:10:01.000Z,0.259173,anomaly,1,1,1793,0
CADC0894,2022-06-02T08:10:02.000Z,0.25371,anomaly,1,1,1793,0
CADC0894,2022-06-02T08:10:03.000Z,0.248255,anomaly,1,1,1793,0
CADC0894,2022-06-02T08:10:04.000Z,0.245531,anomaly,1,1,1793,0
CADC0894,2022-06-02T08:10:05.000Z,0.237367,anomaly,1,1,1793,0
CADC0894,2022-06-02T08:10:06.000Z,0.231934,anomaly,1,1,1793,0
CADC0894,2022-06-02T08:10:07.000Z,0.226508,anomaly,1,1,1793,0
CADC0894,2022-06-02T08:10:08.000Z,0.221089,anomaly,1,1,1793,0
CADC0894,2022-06-02T08:10:09.000Z,0.215676,anomaly,1,1,1793,0
CADC0894,2022-06-02T08:10:10.000Z,0.21027,anomaly,1,1,1793,0
CADC0894,2022-06-02T08:10:11.000Z,0.20487,anomaly,1,1,1793,0
CADC0894,2022-06-02T08:10:12.000Z,0.199476,anomaly,1,1,1793,0
CADC0894,2022-06-02T08:10:13.000Z,0.194088,anomaly,1,1,1793,0
CADC0894,2022-06-02T08:10:14.000Z,0.186016,anomaly,1,1,1793,0
CADC0894,2022-06-02T08:10:15.000Z,0.180642,anomaly,1,1,1793,0
CADC0894,2022-06-02T08:10:16.000Z,0.177957,anomaly,1,1,1793,0
CADC0894,2022-06-02T08:10:17.000Z,0.169909,anomaly,1,1,1793,0
CADC0894,2022-06-02T08:10:18.000Z,0.161873,anomaly,1,1,1793,0
CADC0894,2022-06-02T08:10:19.000Z,0.159196,anomaly,1,1,1793,0
CADC0894,2022-06-02T08:10:20.000Z,0.151173,anomaly,1,1,1793,0
CADC0894,2022-06-02T08:10:21.000Z,0.14583,anomaly,1,1,1793,0
CADC0894,2022-06-02T08:10:22.000Z,0.140492,anomaly,1,1,1793,0
CADC0894,2022-06-02T08:10:23.000Z,0.135157,anomaly,1,1,1793,0
CADC0894,2022-06-02T08:10:24.000Z,0.129826,anomaly,1,1,1793,0
CADC0894,2022-06-02T08:10:25.000Z,0.124499,anomaly,1,1,1793,0
CADC0894,2022-06-02T08:10:26.000Z,0.116515,anomaly,1,1,1793,0
CADC0894,2022-06-02T08:10:27.000Z,0.113855,anomaly,1,1,1793,0
CADC0894,2022-06-02T08:10:28.000Z,0.105881,anomaly,1,1,1793,0
CADC0894,2022-06-02T08:10:29.000Z,0.100568,anomaly,1,1,1793,0
CADC0894,2022-06-02T08:10:30.000Z,0.0952587,anomaly,1,1,1793,0
CADC0894,2022-06-02T08:10:31.000Z,0.0899518,anomaly,1,1,1793,0
CADC0894,2022-06-02T08:10:32.000Z,0.0846475,anomaly,1,1,1793,0
CADC0894,2022-06-02T08:10:33.000Z,0.0793455,anomaly,1,1,1793,0
CADC0894,2022-06-02T08:10:34.000Z,0.0713967,anomaly,1,1,1793,0
CADC0894,2022-06-02T08:10:35.000Z,0.0661,anomaly,1,1,1793,0
CADC0894,2022-06-02T08:10:36.000Z,0.0369975,anomaly,1,1,1793,0
CADC0894,2022-06-02T08:10:37.000Z,0.0,anomaly,1,1,1793,0
CADC0894,2022-06-02T08:10:38.000Z,0.0,anomaly,1,1,1793,0
CADC0894,2022-06-02T08:10:39.000Z,0.0,anomaly,1,1,1793,0
CADC0894,2022-06-02T08:10:40.000Z,0.0,anomaly,1,1,1793,0
CADC0894,2022-06-02T08:10:41.000Z,0.0,anomaly,1,1,1793,0
CADC0894,2022-06-02T08:10:42.000Z,0.0,anomaly,1,1,1793,0
CADC0894,2022-06-02T08:10:43.000Z,0.0,anomaly,1,1,1793,0
CADC0894,2022-06-02T08:10:44.000Z,0.0,anomaly,1,1,1793,0
CADC0894,2022-06-02T08:10:45.000Z,0.0,anomaly,1,1,1793,0
CADC0894,2022-06-02T08:10:46.000Z,0.0,anomaly,1,1,1793,0
CADC0894,2022-06-02T08:10:47.000Z,0.0,anomaly,1,1,1793,0
CADC0894,2022-06-02T08:10:48.000Z,0.0,anomaly,1,1,1793,0
CADC0894,2022-06-02T08:10:49.000Z,0.0,anomaly,1,1,1793,0
CADC0894,2022-06-02T08:10:50.000Z,0.0,anomaly,1,1,1793,0
CADC0894,2022-06-02T08:10:51.000Z,0.0,anomaly,1,1,1793,0
CADC0894,2022-06-02T08:10:52.000Z,0.0,anomaly,1,1,1793,0
CADC0894,2022-06-02T08:10:53.000Z,0.0,anomaly,1,1,1793,0
CADC0894,2022-06-02T08:10:54.000Z,0.0,anomaly,1,1,1793,0
CADC0894,2022-06-02T08:10:55.000Z,0.0,anomaly,1,1,1793,0
CADC0894,2022-06-02T08:10:56.000Z,0.0,anomaly,1,1,1793,0
CADC0894,2022-06-02T08:10:57.000Z,0.0,anomaly,1,1,1793,0
CADC0894,2022-06-02T08:10:58.000Z,0.0,anomaly,1,1,1793,0
CADC0894,2022-06-02T08:10:59.000Z,0.0,anomaly,1,1,1793,0
CADC0894,2022-06-02T08:11:00.000Z,0.0,anomaly,1,1,1793,0
CADC0894,2022-06-02T08:11:01.000Z,0.0,anomaly,1,1,1793,0
CADC0894,2022-06-02T08:11:02.000Z,0.0,anomaly,1,1,1793,0
CADC0894,2022-06-02T08:11:03.000Z,0.0,anomaly,1,1,1793,0
CADC0894,2022-06-02T08:11:04.000Z,0.0,anomaly,1,1,1793,0
CADC0894,2022-06-02T08:11:05.000Z,0.0,anomaly,1,1,1793,0
CADC0894,2022-06-02T08:11:06.000Z,0.0,anomaly,1,1,1793,0
CADC0894,2022-06-02T08:11:07.000Z,0.0,anomaly,1,1,1793,0
CADC0894,2022-06-02T08:11:08.000Z,0.0,anomaly,1,1,1793,0
CADC0894,2022-06-02T08:11:09.000Z,0.0,anomaly,1,1,1793,0
CADC0894,2022-06-02T08:11:10.000Z,0.0,anomaly,1,1,1793,0
CADC0894,2022-06-02T08:11:11.000Z,0.0,anomaly,1,1,1793,0
CADC0894,2022-06-02T08:11:12.000Z,0.0,anomaly,1,1,1793,0
CADC0894,2022-06-02T08:11:13.000Z,0.0,anomaly,1,1,1793,0
CADC0894,2022-06-02T08:11:14.000Z,0.0,anomaly,1,1,1793,0
CADC0894,2022-06-02T08:11:15.000Z,0.0,anomaly,1,1,1793,0
CADC0894,2022-06-02T08:11:16.000Z,0.0,anomaly,1,1,1793,0
CADC0894,2022-06-02T08:11:17.000Z,0.0,anomaly,1,1,1793,0
CADC0894,2022-06-02T08:11:18.000Z,0.0,anomaly,1,1,1793,0
CADC0894,2022-06-02T08:11:19.000Z,0.0,anomaly,1,1,1793,0
CADC0894,2022-06-02T08:11:20.000Z,0.0,anomaly,1,1,1793,0
CADC0894,2022-06-02T08:11:21.000Z,0.0,anomaly,1,1,1793,0
CADC0894,2022-06-02T08:11:22.000Z,0.0,anomaly,1,1,1793,0
CADC0894,2022-06-02T08:11:23.000Z,0.0,anomaly,1,1,1793,0
CADC0894,2022-06-02T08:11:24.000Z,0.0,anomaly,1,1,1793,0
CADC0894,2022-06-02T08:11:25.000Z,0.0,anomaly,1,1,1793,0
CADC0894,2022-06-02T08:11:26.000Z,0.0,anomaly,1,1,1793,0
CADC0894,2022-06-02T08:11:27.000Z,0.0,anomaly,1,1,1793,0
CADC0894,2022-06-02T08:11:28.000Z,0.0,anomaly,1,1,1793,0
CADC0894,2022-06-02T08:11:29.000Z,0.0,anomaly,1,1,1793,0
CADC0894,2022-06-02T08:11:30.000Z,0.0,anomaly,1,1,1793,0
CADC0894,2022-06-02T08:11:31.000Z,0.0,anomaly,1,1,1793,0
CADC0894,2022-06-02T08:11:32.000Z,0.0,anomaly,1,1,1793,0
CADC0894,2022-06-02T08:11:33.000Z,0.0,anomaly,1,1,1793,0
CADC0894,2022-06-02T08:11:34.000Z,0.0,anomaly,1,1,1793,0
CADC0894,2022-06-02T08:11:35.000Z,0.0,anomaly,1,1,1793,0
CADC0894,2022-06-02T08:11:36.000Z,0.0,anomaly,1,1,1793,0
CADC0894,2022-06-02T08:11:37.000Z,0.0,anomaly,1,1,1793,0
CADC0894,2022-06-02T08:11:38.000Z,0.0,anomaly,1,1,1793,0
CADC0894,2022-06-02T08:11:39.000Z,0.0,anomaly,1,1,1793,0
CADC0894,2022-06-02T08:11:40.000Z,0.0,anomaly,1,1,1793,0
CADC0894,2022-06-02T08:11:41.000Z,0.0,anomaly,1,1,1793,0
CADC0894,2022-06-02T08:11:42.000Z,0.0,anomaly,1,1,1793,0
CADC0894,2022-06-02T08:11:43.000Z,0.0,anomaly,1,1,1793,0
CADC0894,2022-06-02T08:11:44.000Z,0.0,anomaly,1,1,1793,0
CADC0894,2022-06-02T08:11:45.000Z,0.0,anomaly,1,1,1793,0
CADC0894,2022-06-02T08:11:46.000Z,0.0,anomaly,1,1,1793,0
CADC0894,2022-06-02T08:11:47.000Z,0.0,anomaly,1,1,1793,0
CADC0894,2022-06-02T08:11:48.000Z,0.0,anomaly,1,1,1793,0
CADC0894,2022-06-02T08:11:49.000Z,0.0,anomaly,1,1,1793,0
CADC0894,2022-06-02T08:11:50.000Z,0.0,anomaly,1,1,1793,0
CADC0894,2022-06-02T08:11:51.000Z,0.0,anomaly,1,1,1793,0
CADC0894,2022-06-02T08:11:52.000Z,0.0,anomaly,1,1,1793,0
CADC0894,2022-06-02T08:11:53.000Z,0.0,anomaly,1,1,1793,0
CADC0894,2022-06-02T08:11:54.000Z,0.0,anomaly,1,1,1793,0
CADC0894,2022-06-02T08:11:55.000Z,0.0,anomaly,1,1,1793,0
CADC0894,2022-06-02T08:11:56.000Z,0.0,anomaly,1,1,1793,0
CADC0894,2022-06-02T08:11:57.000Z,0.0,anomaly,1,1,1793,0
CADC0894,2022-06-02T08:11:58.000Z,0.0,anomaly,1,1,1793,0
CADC0894,2022-06-02T08:11:59.000Z,0.0,anomaly,1,1,1793,0
CADC0894,2022-06-02T08:12:00.000Z,0.0,anomaly,1,1,1793,0
CADC0894,2022-06-02T08:12:01.000Z,0.0,anomaly,1,1,1793,0
CADC0894,2022-06-02T08:12:02.000Z,0.0,anomaly,1,1,1793,0
CADC0894,2022-06-02T08:12:03.000Z,0.0,anomaly,1,1,1793,0
CADC0894,2022-06-02T08:12:04.000Z,0.0,anomaly,1,1,1793,0
CADC0894,2022-06-02T08:12:05.000Z,0.0,anomaly,1,1,1793,0
CADC0894,2022-06-02T08:12:06.000Z,0.0,anomaly,1,1,1793,0
CADC0894,2022-06-02T08:12:07.000Z,0.0,anomaly,1,1,1793,0
CADC0894,2022-06-02T08:12:08.000Z,0.0,anomaly,1,1,1793,0
CADC0894,2022-06-02T08:12:09.000Z,0.0,anomaly,1,1,1793,0
CADC0894,2022-06-02T08:12:10.000Z,0.0,anomaly,1,1,1793,0
CADC0894,2022-06-02T08:12:11.000Z,0.0,anomaly,1,1,1793,0
CADC0894,2022-06-02T08:12:12.000Z,0.0,anomaly,1,1,1793,0
CADC0894,2022-06-02T08:12:13.000Z,0.0,anomaly,1,1,1793,0
CADC0894,2022-06-02T08:12:14.000Z,0.0,anomaly,1,1,1793,0
CADC0894,2022-06-02T08:12:15.000Z,0.0,anomaly,1,1,1793,0
CADC0894,2022-06-02T08:12:16.000Z,0.0,anomaly,1,1,1793,0
CADC0894,2022-06-02T08:12:17.000Z,0.0,anomaly,1,1,1793,0
CADC0894,2022-06-02T08:12:18.000Z,0.0,anomaly,1,1,1793,0
CADC0894,2022-06-02T08:12:19.000Z,0.0,anomaly,1,1,1793,0
CADC0894,2022-06-02T08:12:20.000Z,0.0,anomaly,1,1,1793,0
CADC0894,2022-06-02T08:12:21.000Z,0.0,anomaly,1,1,1793,0
CADC0894,2022-06-02T08:12:22.000Z,0.0,anomaly,1,1,1793,0
CADC0894,2022-06-02T08:12:23.000Z,0.0,anomaly,1,1,1793,0
CADC0894,2022-06-02T08:12:24.000Z,0.0,anomaly,1,1,1793,0
CADC0894,2022-06-02T08:12:25.000Z,0.0,anomaly,1,1,1793,0
CADC0894,2022-06-02T08:12:26.000Z,0.0,anomaly,1,1,1793,0
CADC0894,2022-06-02T08:12:27.000Z,0.0,anomaly,1,1,1793,0
CADC0894,2022-06-02T08:12:28.000Z,0.0,anomaly,1,1,1793,0
CADC0894,2022-06-02T08:12:29.000Z,0.0,anomaly,1,1,1793,0
CADC0894,2022-06-02T08:12:30.000Z,0.0,anomaly,1,1,1793,0
CADC0894,2022-06-02T08:12:31.000Z,0.0,anomaly,1,1,1793,0
CADC0894,2022-06-02T08:12:32.000Z,0.0,anomaly,1,1,1793,0
CADC0894,2022-06-02T08:12:33.000Z,0.0,anomaly,1,1,1793,0
CADC0894,2022-06-02T08:12:34.000Z,0.0,anomaly,1,1,1793,0
CADC0894,2022-06-02T08:12:35.000Z,0.0,anomaly,1,1,1793,0
CADC0894,2022-06-02T08:12:36.000Z,0.0,anomaly,1,1,1793,0
CADC0894,2022-06-02T08:12:37.000Z,0.0,anomaly,1,1,1793,0
CADC0894,2022-06-02T08:12:38.000Z,0.0,anomaly,1,1,1793,0
CADC0894,2022-06-02T08:12:39.000Z,0.0,anomaly,1,1,1793,0
CADC0894,2022-06-02T08:12:40.000Z,0.0,anomaly,1,1,1793,0
CADC0894,2022-06-02T08:12:41.000Z,0.0,anomaly,1,1,1793,0
CADC0894,2022-06-02T08:12:42.000Z,0.0,anomaly,1,1,1793,0
CADC0894,2022-06-02T08:12:43.000Z,0.0,anomaly,1,1,1793,0
CADC0894,2022-06-02T08:12:44.000Z,0.0,anomaly,1,1,1793,0
CADC0894,2022-06-02T08:12:45.000Z,0.0,anomaly,1,1,1793,0
CADC0894,2022-06-02T08:12:46.000Z,0.0,anomaly,1,1,1793,0
CADC0894,2022-06-02T08:12:47.000Z,0.0,anomaly,1,1,1793,0
CADC0894,2022-06-02T08:12:48.000Z,0.0,anomaly,1,1,1793,0
CADC0894,2022-06-02T08:12:49.000Z,0.0,anomaly,1,1,1793,0
CADC0894,2022-06-02T08:12:50.000Z,0.0,anomaly,1,1,1793,0
CADC0894,2022-06-02T08:12:51.000Z,0.0,anomaly,1,1,1793,0
CADC0894,2022-06-02T08:12:52.000Z,0.0,anomaly,1,1,1793,0
CADC0894,2022-06-02T08:12:53.000Z,0.0,anomaly,1,1,1793,0
CADC0894,2022-06-02T08:12:54.000Z,0.0,anomaly,1,1,1793,0
CADC0894,2022-06-02T08:12:55.000Z,0.0,anomaly,1,1,1793,0
CADC0894,2022-06-02T08:12:56.000Z,0.0,anomaly,1,1,1793,0
CADC0894,2022-06-02T08:12:57.000Z,0.0,anomaly,1,1,1793,0
CADC0894,2022-06-02T08:12:58.000Z,0.0,anomaly,1,1,1793,0
CADC0894,2022-06-02T08:12:59.000Z,0.0,anomaly,1,1,1793,0
CADC0894,2022-06-02T08:13:00.000Z,0.0,anomaly,1,1,1793,0
CADC0894,2022-06-02T08:13:01.000Z,0.0,anomaly,1,1,1793,0
CADC0894,2022-06-02T08:13:02.000Z,0.0,anomaly,1,1,1793,0
CADC0894,2022-06-02T08:13:03.000Z,0.0,anomaly,1,1,1793,0
CADC0894,2022-06-02T08:13:04.000Z,0.0,anomaly,1,1,1793,0
CADC0894,2022-06-02T08:13:05.000Z,0.0,anomaly,1,1,1793,0
CADC0894,2022-06-02T08:13:06.000Z,0.0,anomaly,1,1,1793,0
CADC0894,2022-06-02T08:13:07.000Z,0.0,anomaly,1,1,1793,0
CADC0894,2022-06-02T08:13:08.000Z,0.0,anomaly,1,1,1793,0
CADC0894,2022-06-02T08:13:09.000Z,0.0,anomaly,1,1,1793,0
CADC0894,2022-06-02T08:13:10.000Z,0.0,anomaly,1,1,1793,0
CADC0894,2022-06-02T08:13:11.000Z,0.0,anomaly,1,1,1793,0
CADC0894,2022-06-02T08:13:12.000Z,0.0,anomaly,1,1,1793,0
CADC0894,2022-06-02T08:13:13.000Z,0.0,anomaly,1,1,1793,0
CADC0894,2022-06-02T08:13:14.000Z,0.0,anomaly,1,1,1793,0
CADC0894,2022-06-02T08:13:15.000Z,0.0,anomaly,1,1,1793,0
CADC0894,2022-06-02T08:13:16.000Z,0.0,anomaly,1,1,1793,0
CADC0894,2022-06-02T08:13:17.000Z,0.0,anomaly,1,1,1793,0
CADC0894,2022-06-02T08:13:18.000Z,0.0,anomaly,1,1,1793,0
CADC0894,2022-06-02T08:13:19.000Z,0.0,anomaly,1,1,1793,0
